id	nombre	apellido	email	genero	direccion
1	Jamil	Pockey	jpockey0@ifeng.com	Male	8250 Laurel Street
2	Guillaume	Andrez	gandrez1@zdnet.com	Male	8 Gerald Street
3	Trista	Rosendorf	trosendorf2@purevolume.com	Female	55343 Sommers Court
4	Vin	Dron	vdron3@howstuffworks.com	Male	405 Evergreen Junction
5	Min	Bluschke	mbluschke4@wordpress.org	Female	01127 Barby Pass
6	Aggy	Kilday	akilday5@rediff.com	Female	597 Manufacturers Center
7	Dela	Mockler	dmockler6@wikia.com	Female	42892 Mosinee Point
8	Derward	Karpe	dkarpe7@nymag.com	Male	89 Bluestem Point
9	Gasper	Archley	garchley8@smh.com.au	Male	2 Johnson Point
10	Carmen	Seage	cseage9@php.net	Female	8 Warbler Crossing
11	Lonee	Tregoning	ltregoninga@businessinsider.com	Female	2002 Ramsey Pass
12	Janeta	Shinn	jshinnb@google.co.jp	Female	2 Florence Crossing
13	Marie-ann	Patrick	mpatrickc@kickstarter.com	Female	4 Spenser Alley
14	Ina	Adkin	iadkind@blogger.com	Female	6 Moland Trail
15	Gerry	Myers	gmyerse@blogtalkradio.com	Female	73013 Mandrake Way
16	Currie	Bende	cbendef@spiegel.de	Male	169 Sunnyside Terrace
17	Cosetta	Meadows	cmeadowsg@shareasale.com	Female	7906 Knutson Park
18	Brice	Roiz	broizh@phpbb.com	Male	50 Michigan Terrace
19	Thayne	Augar	taugari@i2i.jp	Male	57999 Twin Pines Terrace
20	Hillard	Eagleton	heagletonj@weebly.com	Male	64 Columbus Terrace
21	Shanta	Puffett	spuffettk@acquirethisname.com	Female	146 Fair Oaks Terrace
22	Nickola	Cuffin	ncuffinl@berkeley.edu	Male	2 Crownhardt Avenue
23	Jobey	Hessel	jhesselm@edublogs.org	Female	8 Golf Center
24	Meriel	Hebblewaite	mhebblewaiten@booking.com	Female	538 Sauthoff Road
25	Giovanni	Danielsohn	gdanielsohno@google.fr	Male	9649 Stuart Street
26	Frankie	Manssuer	fmanssuerp@51.la	Female	33 Monica Junction
27	Hilton	Girhard	hgirhardq@fotki.com	Male	8674 Texas Road
28	Ethelin	Larking	elarkingr@marketwatch.com	Female	77 Del Mar Circle
29	Stafford	Gilvear	sgilvears@hhs.gov	Male	112 Glacier Hill Road
30	Dunc	O' Driscoll	dodriscollt@liveinternet.ru	Male	8034 Schiller Avenue
31	Darbee	McCurt	dmccurtu@reuters.com	Male	4235 Dexter Hill
32	Zolly	Lauder	zlauderv@comsenz.com	Male	8 Monica Trail
33	Gardener	Hendricks	ghendricksw@psu.edu	Male	2274 Moulton Hill
34	Abe	Lonergan	alonerganx@theguardian.com	Male	2967 Northland Road
35	Deloris	Lilford	dlilfordy@slideshare.net	Female	4 Sheridan Hill
36	Ninnette	Inglefield	ninglefieldz@yandex.ru	Female	171 Summit Center
37	Kirk	Mordey	kmordey10@hibu.com	Male	3 Barby Lane
38	Marcelia	Le Marquis	mlemarquis11@mapquest.com	Female	29364 School Place
39	Joanie	Grebert	jgrebert12@webnode.com	Female	819 Merry Parkway
40	Nigel	Drinkwater	ndrinkwater13@gmpg.org	Male	9370 Fulton Way
41	Josephina	Stilgo	jstilgo14@mail.ru	Female	29693 Saint Paul Trail
42	Ann	Oloshkin	aoloshkin15@apple.com	Female	344 Schmedeman Place
43	Lowrance	Gland	lgland16@google.co.jp	Male	05 Gerald Place
44	Jermain	Critchell	jcritchell17@economist.com	Male	146 Pearson Drive
45	Elton	Verlander	everlander18@archive.org	Male	0 Sherman Road
46	Marchall	Brasted	mbrasted19@noaa.gov	Male	15 Pine View Circle
47	Riobard	Stucke	rstucke1a@pen.io	Male	8020 Arizona Way
48	Ewan	Zumbusch	ezumbusch1b@51.la	Male	98851 Pine View Lane
49	Fields	Pachmann	fpachmann1c@time.com	Male	144 Heffernan Court
50	Rolando	Jerdon	rjerdon1d@hc360.com	Male	4 Kedzie Junction
51	Rodrique	Dowley	rdowley1e@nasa.gov	Male	95901 Pierstorff Crossing
52	Harv	Venturoli	hventuroli1f@purevolume.com	Male	49508 Gina Center
53	Caryl	Jurkiewicz	cjurkiewicz1g@amazon.com	Female	5 Bultman Street
54	Warden	Thursby	wthursby1h@nature.com	Male	1318 Crowley Point
55	Lesya	Cambling	lcambling1i@businessinsider.com	Female	13139 Mesta Way
56	Mohandas	Mansford	mmansford1j@topsy.com	Male	52088 Delaware Drive
57	Rachele	Ellar	rellar1k@free.fr	Female	7 Bay Alley
58	Demetris	Fonso	dfonso1l@indiatimes.com	Female	24 Claremont Center
59	Romy	Rastrick	rrastrick1m@prweb.com	Female	317 Mifflin Street
60	Pancho	Witheford	pwitheford1n@homestead.com	Male	8315 Manley Drive
61	Helaine	Garric	hgarric1o@miibeian.gov.cn	Female	436 Superior Road
62	Kalila	Lago	klago1p@hp.com	Female	807 Prentice Trail
63	Brandais	Camilli	bcamilli1q@ftc.gov	Female	167 Pleasure Alley
64	Winnie	Sell	wsell1r@salon.com	Female	1 Bonner Court
65	Sam	Simonite	ssimonite1s@rambler.ru	Male	35 Banding Parkway
66	Christyna	Elcome	celcome1t@uiuc.edu	Female	4 Twin Pines Crossing
67	Dew	Duncan	dduncan1u@newsvine.com	Male	91773 Holy Cross Hill
68	Barry	Aves	baves1v@smugmug.com	Female	4 Golf Course Alley
69	Say	Beamiss	sbeamiss1w@marriott.com	Male	275 Stephen Street
70	Andrej	Grace	agrace1x@cpanel.net	Male	8505 Center Center
71	Rani	Lewsam	rlewsam1y@360.cn	Female	6 Jenifer Road
72	Eduino	Roskam	eroskam1z@mashable.com	Male	10895 Bluejay Center
73	Mariya	Wudeland	mwudeland20@chron.com	Female	5261 Clove Point
74	Harwell	Timblett	htimblett21@sogou.com	Male	0 Elgar Circle
75	Amye	Major	amajor22@springer.com	Female	2980 Forest Run Point
76	Coralie	Fursey	cfursey23@photobucket.com	Female	7 Tomscot Circle
77	Ashly	Wareham	awareham24@twitter.com	Female	99 Larry Drive
78	Orlando	Tomkowicz	otomkowicz25@discovery.com	Male	55 Schiller Street
79	June	Stuke	jstuke26@google.co.jp	Female	1 Shelley Court
80	Conchita	Brittan	cbrittan27@sun.com	Female	15859 Corscot Drive
81	Ashil	Lackeye	alackeye28@xrea.com	Female	075 Bayside Lane
82	Guillermo	Fitton	gfitton29@cam.ac.uk	Male	8023 Walton Drive
83	Katy	Elcum	kelcum2a@epa.gov	Female	457 Charing Cross Center
84	Mufinella	Hick	mhick2b@prlog.org	Female	298 Sutherland Drive
85	Lazare	Perago	lperago2c@sogou.com	Male	33886 Blackbird Court
86	Lulita	Orrill	lorrill2d@ifeng.com	Female	5759 Shelley Way
87	Ulysses	Andrick	uandrick2e@indiatimes.com	Male	0 Sage Trail
88	Otes	Chawkley	ochawkley2f@theglobeandmail.com	Male	12 Bashford Terrace
89	Sabine	Dumper	sdumper2g@com.com	Female	62304 Dorton Way
90	Sande	Cabane	scabane2h@adobe.com	Female	297 Red Cloud Pass
91	Clerc	Winchurst	cwinchurst2i@dell.com	Male	10405 Melvin Street
92	Kalil	Cunnington	kcunnington2j@army.mil	Male	20 Golf Course Drive
93	Manuel	Bulfoot	mbulfoot2k@mit.edu	Male	5 Oakridge Street
94	Carmelle	Bautiste	cbautiste2l@accuweather.com	Female	4612 Elmside Park
95	Jorrie	Scantleberry	jscantleberry2m@reddit.com	Female	9 Shelley Pass
96	Ciro	McCotter	cmccotter2n@utexas.edu	Male	54 Anderson Road
97	Glynis	Beamson	gbeamson2o@washington.edu	Female	1054 Lyons Trail
98	Vale	Dickins	vdickins2p@prweb.com	Female	107 Graceland Way
99	Bald	Given	bgiven2q@shop-pro.jp	Male	0 Manufacturers Drive
100	Ewart	Wilsher	ewilsher2r@multiply.com	Male	83773 Rieder Plaza
101	Yurik	Deeble	ydeeble2s@webnode.com	Male	1 Butternut Court
102	Katrinka	Suttill	ksuttill2t@nsw.gov.au	Female	9 Londonderry Way
103	Giffer	Glanton	gglanton2u@ebay.com	Male	506 Hooker Hill
104	Ahmed	Shrigley	ashrigley2v@mozilla.org	Male	15738 Summit Lane
105	Brewer	Thew	bthew2w@slate.com	Male	9 Armistice Street
106	Jeniece	Chape	jchape2x@tiny.cc	Female	7734 Summerview Park
107	Ajay	Heelis	aheelis2y@t-online.de	Female	51758 Longview Avenue