1000
id	nombre	apellido	email	genero	altura
1	Janice	Goodband	jgoodband0@elegantthemes.com	Female	1.6474
2	Debora	Reisk	dreisk1@cbc.ca	Female	1.732
3	Douglass	Crohan	dcrohan2@vistaprint.com	Male	1.7678
4	Earlie	Beaument	ebeaument3@europa.eu	Male	1.7296
5	Jarib	Joyner	jjoyner4@wiley.com	Male	1.6695
6	Aurel	Petheridge	apetheridge5@sakura.ne.jp	Female	1.6408
7	Silvain	Curle	scurle6@cafepress.com	Male	1.4464
8	Estrellita	Kwietak	ekwietak7@histats.com	Female	1.6121
9	Franklyn	Dobble	fdobble8@tiny.cc	Male	1.6472
10	Elsbeth	Sego	esego9@yahoo.com	Female	1.6676
11	Rowan	Puckey	rpuckeya@shop-pro.jp	Male	1.7307
12	Rabbi	Glendenning	rglendenningb@github.io	Male	1.765
13	Cecil	Reckless	crecklessc@linkedin.com	Female	1.6716
14	Farrah	Lambswood	flambswoodd@baidu.com	Female	1.6657
15	Steffen	Trebbett	strebbette@businessweek.com	Male	1.6418
16	Humfrid	Coghill	hcoghillf@cisco.com	Male	1.7706
17	Nelle	Ghilardi	nghilardig@youku.com	Female	1.683
18	Val	Tawse	vtawseh@scientificamerican.com	Female	1.8837
19	Malvina	Oliver-Paull	moliverpaulli@parallels.com	Female	1.7348
20	Eleanor	Churchin	echurchinj@netscape.com	Female	1.7162
21	Hortense	Priestland	hpriestlandk@kickstarter.com	Female	1.6716
22	Bev	Barrington	bbarringtonl@blogs.com	Male	1.6698
23	Gilly	Ivashinnikov	givashinnikovm@time.com	Female	1.6882
24	Tracee	Cleen	tcleenn@ask.com	Female	1.7325
25	Mohandas	Gaddesby	mgaddesbyo@businesswire.com	Male	1.8519
26	Emmerich	Stampfer	estampferp@free.fr	Male	1.7882
27	Aloin	Gurton	agurtonq@comcast.net	Male	1.7471
28	Hannah	Nye	hnyer@infoseek.co.jp	Female	1.7376
29	Brianna	Fleay	bfleays@macromedia.com	Female	1.7275
30	Grady	Ettels	gettelst@cnbc.com	Male	1.7928
31	Anissa	Eadmead	aeadmeadu@comcast.net	Female	1.7231
32	Gar	Kunath	gkunathv@jiathis.com	Male	1.7737
33	Leonhard	Skeemer	lskeemerw@about.com	Male	1.8507
34	Randene	Mountstephen	rmountstephenx@free.fr	Female	1.6266
35	Kendricks	Gealle	kgealley@chicagotribune.com	Male	1.8455
36	Culver	Culy	cculyz@japanpost.jp	Male	1.774
37	Seumas	Prandoni	sprandoni10@creativecommons.org	Male	1.7233
38	Yurik	Nend	ynend11@technorati.com	Male	1.6991
39	Jaquelin	Henrionot	jhenrionot12@hugedomains.com	Female	1.6739
40	Bertram	Masse	bmasse13@mac.com	Male	1.58
41	Marielle	Mannin	mmannin14@woothemes.com	Female	1.7961
42	Kristy	Halversen	khalversen15@skyrock.com	Female	1.8306
43	Ashley	Duly	aduly16@unesco.org	Male	1.6661
44	Amory	Beedie	abeedie17@studiopress.com	Male	1.5861
45	Joscelin	Hardingham	jhardingham18@wix.com	Female	1.7856
46	Lonny	Paute	lpaute19@delicious.com	Male	1.6875
47	Shina	Haycox	shaycox1a@skyrock.com	Female	1.7485
48	Geordie	Barnwell	gbarnwell1b@wikipedia.org	Male	1.6682
49	Darill	Krause	dkrause1c@twitter.com	Male	1.7357
50	Crosby	Rakes	crakes1d@storify.com	Male	1.8296
51	Allix	Mannakee	amannakee1e@economist.com	Female	1.7608
52	Broderick	Izkovitz	bizkovitz1f@google.ru	Male	1.7155
53	Marijo	Hicks	mhicks1g@wordpress.com	Female	1.6213
54	Kyrstin	Fabri	kfabri1h@ftc.gov	Female	1.9007
55	Brewster	Geerits	bgeerits1i@amazon.de	Male	1.4319
56	Earle	Kenningham	ekenningham1j@mit.edu	Male	1.8413
57	Myrvyn	Netley	mnetley1k@columbia.edu	Male	1.7656
58	Miner	Bedlington	mbedlington1l@ask.com	Male	1.6436
59	Arney	Tolomei	atolomei1m@wikimedia.org	Male	1.787
60	Desi	Ewells	dewells1n@nyu.edu	Male	1.766
61	Mortimer	Luther	mluther1o@opensource.org	Male	1.7067
62	Orelee	Huitson	ohuitson1p@theatlantic.com	Female	1.6839
63	Palm	Muttitt	pmuttitt1q@wordpress.com	Male	1.7484
64	Borden	Conigsby	bconigsby1r@sakura.ne.jp	Male	1.9317
65	Abey	Scarlet	ascarlet1s@angelfire.com	Male	1.7432
66	Audrie	Winchester	awinchester1t@house.gov	Female	1.7668
67	Mendel	Henighan	mhenighan1u@usda.gov	Male	1.5642
68	Winifred	Berntssen	wberntssen1v@utexas.edu	Female	1.7177
69	Alisha	Kindon	akindon1w@webeden.co.uk	Female	1.741
70	Megan	Harwick	mharwick1x@mtv.com	Female	1.8832
71	Marybelle	Spaice	mspaice1y@senate.gov	Female	1.5495
72	Alphonse	St. Clair	astclair1z@histats.com	Male	1.8113
73	Alfonse	Mularkey	amularkey20@cnet.com	Male	1.6117
74	Parry	Ogden	pogden21@hugedomains.com	Male	1.8587
75	Odessa	Simek	osimek22@columbia.edu	Female	1.828
76	Briggs	Treves	btreves23@aboutads.info	Male	1.5454
77	Dani	Sanchis	dsanchis24@narod.ru	Male	1.7631
78	Gilligan	Cromb	gcromb25@theatlantic.com	Female	1.7438
79	Shellysheldon	Masse	smasse26@about.com	Male	1.5814
80	Osbert	Wilkowski	owilkowski27@gizmodo.com	Male	1.6278
81	Goddard	Defty	gdefty28@fotki.com	Male	1.6261
82	Gerrard	Mogridge	gmogridge29@comcast.net	Male	1.6566
83	Jonathon	Spoors	jspoors2a@istockphoto.com	Male	1.7632
84	Paulo	Barsam	pbarsam2b@amazonaws.com	Male	1.8555
85	Chauncey	Symes	csymes2c@webnode.com	Male	1.649
86	Polly	Bonney	pbonney2d@de.vu	Female	1.7148
87	Florina	McCalum	fmccalum2e@simplemachines.org	Female	1.7649
88	Korrie	Estoile	kestoile2f@nature.com	Female	1.6319
89	Hermie	Adamo	hadamo2g@storify.com	Male	1.6877
90	Shelden	Luttgert	sluttgert2h@wufoo.com	Male	1.6884
91	Tye	Privett	tprivett2i@home.pl	Male	1.7119
92	Gerta	Rosenstock	grosenstock2j@networkadvertising.org	Female	1.626
93	Feliza	Matfin	fmatfin2k@arstechnica.com	Female	1.6144
94	Ulysses	Brewster	ubrewster2l@sohu.com	Male	1.7231
95	Akim	Kneafsey	akneafsey2m@cdc.gov	Male	1.6993
96	Hatty	Yexley	hyexley2n@prlog.org	Female	1.6844
97	Thea	Ishchenko	tishchenko2o@yellowpages.com	Female	1.6123
98	Charis	Newens	cnewens2p@java.com	Female	1.6678
99	Bernard	Leband	bleband2q@slate.com	Male	1.6762
100	Robena	Andrzejak	randrzejak2r@hud.gov	Female	1.6461
101	Somerset	Coombes	scoombes2s@patch.com	Male	1.6791
102	Claudianus	Holsall	cholsall2t@diigo.com	Male	1.7319
103	Artemis	Kordas	akordas2u@opensource.org	Male	1.6964
104	Jeremy	Levy	jlevy2v@nifty.com	Male	1.6766
105	Dacie	Lent	dlent2w@theguardian.com	Female	1.7555
106	Nady	Wallach	nwallach2x@soundcloud.com	Female	1.6426
107	Washington	Jahnel	wjahnel2y@prlog.org	Male	1.9261
108	Darryl	Catterall	dcatterall2z@blog.com	Male	1.6468
109	Leilah	Towne	ltowne30@bigcartel.com	Female	1.6503
110	Jennie	Cawston	jcawston31@jigsy.com	Female	1.6266
111	Ruddy	Poulglais	rpoulglais32@ted.com	Male	1.8544
112	Cathleen	Stiff	cstiff33@ftc.gov	Female	1.7605
113	Pammy	Quirk	pquirk34@fc2.com	Female	1.7303
114	Lucinda	Nicholl	lnicholl35@webs.com	Female	1.7161
115	Lilyan	Baraclough	lbaraclough36@1und1.de	Female	1.7867
116	Isaac	Desquesnes	idesquesnes37@blog.com	Male	1.685
117	Keefe	Hatcliffe	khatcliffe38@rambler.ru	Male	1.5719
118	Mychal	Mallatratt	mmallatratt39@sciencedaily.com	Male	1.7596
119	Marven	Schusterl	mschusterl3a@forbes.com	Male	1.6695
120	Booth	Selland	bselland3b@fastcompany.com	Male	1.7326
121	Myrle	Mac Geaney	mmacgeaney3c@free.fr	Female	1.747
122	Theodosia	Shevlin	tshevlin3d@csmonitor.com	Female	1.7311
123	Vassily	Getty	vgetty3e@zdnet.com	Male	1.4968
124	Brander	Enos	benos3f@goo.ne.jp	Male	1.6105
125	Cyndie	Mogra	cmogra3g@vimeo.com	Female	1.8284
126	Leese	Impson	limpson3h@latimes.com	Female	1.6075
127	Sharl	Jaslem	sjaslem3i@nytimes.com	Female	1.7021
128	Dorey	Readitt	dreaditt3j@sourceforge.net	Female	1.724
129	Rebecca	Gyorgy	rgyorgy3k@rakuten.co.jp	Female	1.7034
130	Quinn	MacQuarrie	qmacquarrie3l@dailymotion.com	Male	1.7501
131	Luca	Fearnehough	lfearnehough3m@jugem.jp	Male	1.7762
132	Maxim	Inge	minge3n@hao123.com	Male	1.5833
133	Freddy	Noyes	fnoyes3o@spotify.com	Female	1.6485
134	Griffith	Hyder	ghyder3p@japanpost.jp	Male	1.5598
135	Yvor	Begent	ybegent3q@tmall.com	Male	1.6866
136	Crawford	Tomasicchio	ctomasicchio3r@mail.ru	Male	1.595
137	Hestia	Arenson	harenson3s@moonfruit.com	Female	1.7231
138	Jelene	Gilburt	jgilburt3t@tumblr.com	Female	1.7313
139	Court	Woolhouse	cwoolhouse3u@mlb.com	Male	1.5751
140	Bay	Godden	bgodden3v@nih.gov	Male	1.6835
141	Sheela	Vasilyevski	svasilyevski3w@engadget.com	Female	1.6853
142	Care	Bane	cbane3x@theglobeandmail.com	Male	1.7092
143	Lynnette	Acland	lacland3y@ucsd.edu	Female	1.5943
144	Jamison	Banasik	jbanasik3z@arizona.edu	Male	1.9053
145	Bliss	Nelthropp	bnelthropp40@java.com	Female	1.6972
146	Mac	Lidgett	mlidgett41@t.co	Male	1.755
147	Jere	Chessell	jchessell42@nsw.gov.au	Female	1.6593
148	Portia	Lennon	plennon43@a8.net	Female	1.8189
149	Alyosha	MacDowall	amacdowall44@yahoo.com	Male	1.8978
150	Conrade	Nichols	cnichols45@squarespace.com	Male	1.6716
151	Sheena	Balcers	sbalcers46@yahoo.com	Female	1.6269
152	Brigg	O'Loughnan	boloughnan47@weebly.com	Male	1.6439
153	Nolly	Togher	ntogher48@dropbox.com	Male	1.6675
154	Oliviero	Walkling	owalkling49@theatlantic.com	Male	1.6253
155	Alvin	Holberry	aholberry4a@unicef.org	Male	1.597
156	Madalena	Hellard	mhellard4b@wikipedia.org	Female	1.5252
157	Quent	Vuitton	qvuitton4c@constantcontact.com	Male	1.6958
158	Patten	Guirardin	pguirardin4d@howstuffworks.com	Male	1.5261
159	Bendick	Cajkler	bcajkler4e@ucoz.ru	Male	1.7674
160	Jimmie	Serck	jserck4f@taobao.com	Male	1.7259
161	Roxanna	Ledward	rledward4g@zimbio.com	Female	1.4573
162	Addi	Kenn	akenn4h@surveymonkey.com	Female	1.7347
163	Trueman	Giaomozzo	tgiaomozzo4i@smugmug.com	Male	1.7817
164	Milena	Van de Velde	mvandevelde4j@bloglines.com	Female	1.6901
165	Coral	Randleson	crandleson4k@jiathis.com	Female	1.7112
166	Wally	Pennycord	wpennycord4l@free.fr	Female	1.6849
167	Tuesday	Cracker	tcracker4m@umich.edu	Female	1.579
168	Alfred	Pattinson	apattinson4n@blogspot.com	Male	1.7532
169	Ilysa	Hemms	ihemms4o@telegraph.co.uk	Female	1.7019
170	Theresina	Itzkovitch	titzkovitch4p@cpanel.net	Female	1.5293
171	Mariam	Tomasik	mtomasik4q@pbs.org	Female	1.6365
172	Regen	Coghlan	rcoghlan4r@themeforest.net	Male	1.7331
173	Haleigh	Sumption	hsumption4s@scribd.com	Female	1.7107
174	Tracee	Kunzel	tkunzel4t@pinterest.com	Female	1.677
175	Hertha	Kloska	hkloska4u@amazonaws.com	Female	1.6469
176	Ree	Pagett	rpagett4v@free.fr	Female	1.5397
177	Peirce	de Glanville	pdeglanville4w@ask.com	Male	1.6694
178	Estelle	Soanes	esoanes4x@sina.com.cn	Female	1.9153
179	Brose	Dursley	bdursley4y@cbc.ca	Male	1.6777
180	Delbert	Tym	dtym4z@hp.com	Male	1.8106
181	Johnny	Hearsum	jhearsum50@si.edu	Male	1.858
182	Verna	Eldered	veldered51@unicef.org	Female	1.7481
183	Ewart	Bodimeade	ebodimeade52@weibo.com	Male	1.8806
184	Ardenia	Larne	alarne53@hostgator.com	Female	1.6647
185	Lavinia	Rickell	lrickell54@ask.com	Female	1.5799
186	Inglis	Nuccii	inuccii55@ning.com	Male	1.7567
187	Lesley	Gouch	lgouch56@hhs.gov	Female	1.6581
188	Gaby	Paffley	gpaffley57@amazon.co.jp	Female	1.8694
189	Rhodia	Borg	rborg58@soup.io	Female	1.5708
190	Fons	Risborough	frisborough59@loc.gov	Male	1.6073
191	Saraann	Nursey	snursey5a@prnewswire.com	Female	1.7102
192	Kalli	Behnen	kbehnen5b@istockphoto.com	Female	1.7045
193	Jedd	Petrolli	jpetrolli5c@pbs.org	Male	1.697
194	Priscilla	Kershaw	pkershaw5d@netscape.com	Female	1.5995
195	Ellis	Sket	esket5e@cpanel.net	Male	1.7633
196	Dave	Junkison	djunkison5f@google.com.hk	Male	1.6779
197	Igor	Sextie	isextie5g@goo.gl	Male	1.6349
198	Janis	Benezeit	jbenezeit5h@princeton.edu	Female	1.8295
199	Vance	Trass	vtrass5i@delicious.com	Male	1.6157
200	Thelma	Leetham	tleetham5j@mit.edu	Female	1.7327
201	Trev	Saunt	tsaunt5k@360.cn	Male	1.6773
202	Tracie	Edlyne	tedlyne5l@nih.gov	Male	1.7441
203	Carling	Tevelov	ctevelov5m@trellian.com	Male	1.7287
204	Shane	Delort	sdelort5n@twitter.com	Male	1.6812
205	Courtney	Cund	ccund5o@purevolume.com	Male	1.9267
206	Lincoln	Glasby	lglasby5p@answers.com	Male	1.7669
207	Harri	Hollows	hhollows5q@epa.gov	Female	1.5701
208	Therese	Storms	tstorms5r@simplemachines.org	Female	1.6665
209	Roana	Sego	rsego5s@google.nl	Female	1.5573
210	Karla	Tunney	ktunney5t@nymag.com	Female	1.6476
211	Florette	Glendzer	fglendzer5u@google.ru	Female	1.6431
212	Dominic	Luna	dluna5v@kickstarter.com	Male	1.5899
213	Boyce	Cissen	bcissen5w@4shared.com	Male	1.6889
214	Martino	Caney	mcaney5x@google.com.hk	Male	1.7744
215	Reinwald	Sommerled	rsommerled5y@canalblog.com	Male	1.5721
216	Tandy	Kopacek	tkopacek5z@who.int	Female	1.7023
217	Lyndsie	Adanet	ladanet60@sciencedirect.com	Female	1.7821
218	Art	Blaker	ablaker61@biglobe.ne.jp	Male	1.7369
219	Chrissie	Stellin	cstellin62@feedburner.com	Female	1.695
220	Alfred	Garmans	agarmans63@yellowbook.com	Male	1.7468
221	Sibyl	Larwell	slarwell64@e-recht24.de	Male	1.5943
222	Simmonds	McCurrie	smccurrie65@jugem.jp	Male	1.7971
223	Gilles	Ochterlony	gochterlony66@ifeng.com	Male	1.8633
224	Brunhilde	Foskew	bfoskew67@google.es	Female	1.6947
225	Ethe	Fallanche	efallanche68@irs.gov	Male	1.6448
226	Roldan	Ewer	rewer69@sogou.com	Male	1.6131
227	Bucky	Wonham	bwonham6a@nps.gov	Male	1.6419
228	Nanni	Pemble	npemble6b@multiply.com	Female	1.6528
229	Randee	Bradshaw	rbradshaw6c@washingtonpost.com	Female	1.8196
230	Turner	Bessent	tbessent6d@canalblog.com	Male	1.8003
231	Vivianne	Batrick	vbatrick6e@squidoo.com	Female	1.6441
232	Gerard	O'Glessane	goglessane6f@ycombinator.com	Male	1.5693
233	Tonnie	Corder	tcorder6g@blog.com	Male	1.6518
234	Lemmie	Howroyd	lhowroyd6h@businesswire.com	Male	1.6979
235	Palm	De Clairmont	pdeclairmont6i@msu.edu	Male	1.7694
236	Eldridge	Jones	ejones6j@netscape.com	Male	1.6759
237	Grazia	Descroix	gdescroix6k@earthlink.net	Female	1.8298
238	Isaiah	Bowen	ibowen6l@istockphoto.com	Male	1.6549
239	Micheal	Filon	mfilon6m@123-reg.co.uk	Male	1.7499
240	Shelli	Brabon	sbrabon6n@google.fr	Female	1.5689
241	Hallie	Suddards	hsuddards6o@cbsnews.com	Female	1.7205
242	Marcille	Rabbitts	mrabbitts6p@state.gov	Female	1.6241
243	Sasha	Levington	slevington6q@amazon.co.uk	Female	1.7841
244	Cris	Butchart	cbutchart6r@technorati.com	Female	1.7298
245	Ardelle	Luby	aluby6s@wiley.com	Female	1.8168
246	Normand	Ledford	nledford6t@yahoo.co.jp	Male	1.5192
247	Morlee	Shillaber	mshillaber6u@theguardian.com	Male	1.5836
248	Packston	Ferriby	pferriby6v@businessweek.com	Male	1.911
249	Hadrian	Ledur	hledur6w@ezinearticles.com	Male	1.7165
250	Winne	Bolduc	wbolduc6x@marriott.com	Female	1.5754
251	Jody	Longworth	jlongworth6y@google.com.br	Male	1.6312
252	Eliza	Dukes	edukes6z@army.mil	Female	1.775
253	Esme	Loftin	eloftin70@bloglines.com	Female	1.743
254	Esteban	Hayes	ehayes71@e-recht24.de	Male	1.8287
255	Neall	Engelbrecht	nengelbrecht72@blogger.com	Male	1.7593
256	Karena	Fanthom	kfanthom73@bing.com	Female	1.6129
257	Hatti	Asbury	hasbury74@merriam-webster.com	Female	1.7496
258	Orly	Le Franc	olefranc75@howstuffworks.com	Female	1.7027
259	Molli	Wyeth	mwyeth76@a8.net	Female	1.6673
260	Noni	Brekonridge	nbrekonridge77@un.org	Female	1.9072
261	Marlie	Madelin	mmadelin78@wordpress.org	Female	1.586
262	Barbaraanne	Wiper	bwiper79@sphinn.com	Female	1.6324
263	Wallache	Le Grys	wlegrys7a@admin.ch	Male	1.6088
264	Erastus	Shelbourne	eshelbourne7b@creativecommons.org	Male	1.6456
265	Marylin	Kaindl	mkaindl7c@huffingtonpost.com	Female	1.6991
266	Domeniga	Ayre	dayre7d@etsy.com	Female	1.7015
267	Gaby	Bramham	gbramham7e@xing.com	Female	1.5922
268	Erek	Nevitt	enevitt7f@irs.gov	Male	1.6748
269	Claudell	Setch	csetch7g@cbsnews.com	Male	1.5822
270	Janeen	Terram	jterram7h@com.com	Female	1.6841
271	Melitta	Cosker	mcosker7i@ow.ly	Female	1.7468
272	Kelly	Qualtro	kqualtro7j@hibu.com	Female	1.5906
273	Derk	Barhem	dbarhem7k@aol.com	Male	1.7887
274	Cleon	McLeese	cmcleese7l@ebay.com	Male	1.7656
275	Mason	Cherrie	mcherrie7m@lulu.com	Male	1.6715
276	Fionnula	Camilli	fcamilli7n@woothemes.com	Female	1.6401
277	Lilas	Strattan	lstrattan7o@addthis.com	Female	1.5601
278	Prudy	Postles	ppostles7p@boston.com	Female	1.724
279	Deanna	Hanstock	dhanstock7q@patch.com	Female	1.7717
280	Edin	Ashlee	eashlee7r@sbwire.com	Female	1.7813
281	Bran	Drugan	bdrugan7s@zimbio.com	Male	1.5387
282	Colin	Klamp	cklamp7t@ebay.co.uk	Male	1.828
283	Wilfred	Hennemann	whennemann7u@census.gov	Male	1.7759
284	Mandie	Bodycote	mbodycote7v@meetup.com	Female	1.5977
285	Sheila-kathryn	Bagnold	sbagnold7w@omniture.com	Female	1.6671
286	Craggy	Asmus	casmus7x@unicef.org	Male	1.8075
287	Wynnie	Harte	wharte7y@ameblo.jp	Female	1.5989
288	Griffith	Kevern	gkevern7z@gizmodo.com	Male	1.64
289	Bartram	O'Growgane	bogrowgane80@uol.com.br	Male	1.7432
290	Harbert	Waterland	hwaterland81@edublogs.org	Male	1.6007
291	Cecil	Ferres	cferres82@1und1.de	Male	1.6934
292	Kalle	Patching	kpatching83@home.pl	Male	1.8994
293	Odelinda	Richardson	orichardson84@dot.gov	Female	1.6975
294	Jens	Ottey	jottey85@dedecms.com	Male	1.6829
295	Garvin	Iddens	giddens86@issuu.com	Male	1.7588
296	Nikki	Spottiswood	nspottiswood87@omniture.com	Female	1.7307
297	Nikolos	Mellem	nmellem88@senate.gov	Male	1.5951
298	Giles	Scales	gscales89@dyndns.org	Male	1.7687
299	Maryjane	Banks	mbanks8a@etsy.com	Female	1.647
300	Ivy	Willingham	iwillingham8b@slate.com	Female	1.6752
301	Elisha	Boardman	eboardman8c@unblog.fr	Female	1.662
302	Candide	Leatham	cleatham8d@mozilla.org	Female	1.6649
303	Gwyneth	Wilmott	gwilmott8e@wikipedia.org	Female	1.6828
304	Lorne	Gothard	lgothard8f@chicagotribune.com	Female	1.5381
305	Nara	Manzell	nmanzell8g@senate.gov	Female	1.7491
306	Cornela	Pocock	cpocock8h@ask.com	Female	1.8437
307	Thomasin	Zambon	tzambon8i@theglobeandmail.com	Female	1.7978
308	Diann	Melton	dmelton8j@pinterest.com	Female	1.6897
309	Janella	Troake	jtroake8k@usda.gov	Female	1.6791
310	Emmy	Shannon	eshannon8l@unblog.fr	Male	1.7617
311	Fulvia	Seed	fseed8m@surveymonkey.com	Female	1.7529
312	Dido	Marshallsay	dmarshallsay8n@cpanel.net	Female	1.7892
313	Noella	Amey	namey8o@delicious.com	Female	1.9023
314	Marcie	Garnham	mgarnham8p@4shared.com	Female	1.6642
315	Isabeau	Gladhill	igladhill8q@fc2.com	Female	1.6536
316	Gar	Salman	gsalman8r@xrea.com	Male	1.6724
317	Sela	Tucker	stucker8s@time.com	Female	1.6696
318	Beniamino	Kalinovich	bkalinovich8t@fema.gov	Male	1.6866
319	Idell	MacPaden	imacpaden8u@salon.com	Female	1.716
320	Nari	Joll	njoll8v@about.me	Female	1.7357
321	Sutherlan	Braybrooks	sbraybrooks8w@behance.net	Male	1.7105
322	Marlena	Cleere	mcleere8x@google.es	Female	1.6481
323	Tobye	Codling	tcodling8y@forbes.com	Female	1.7282
324	Jaynell	Hartshorn	jhartshorn8z@amazon.com	Female	1.7171
325	Penny	Hallgath	phallgath90@slate.com	Male	1.6672
326	Von	Sefton	vsefton91@sina.com.cn	Male	1.5887
327	Trude	Westberg	twestberg92@4shared.com	Female	1.7223
328	Deny	Bambrough	dbambrough93@addthis.com	Female	1.7173
329	Rory	Redmond	rredmond94@blogs.com	Female	1.5403
330	Inesita	Glowacz	iglowacz95@phoca.cz	Female	1.6869
331	Rolph	Adriaan	radriaan96@baidu.com	Male	1.7777
332	Bryana	Manolov	bmanolov97@addthis.com	Female	1.7493
333	Megen	Whitty	mwhitty98@prlog.org	Female	1.636
334	Adore	Kenwyn	akenwyn99@go.com	Female	1.7307
335	Kerrin	Episcopio	kepiscopio9a@dailymail.co.uk	Female	1.7588
336	Cassie	Iacovucci	ciacovucci9b@cloudflare.com	Male	1.7573
337	Ezmeralda	Leijs	eleijs9c@sourceforge.net	Female	1.7202
338	Carmelia	Castard	ccastard9d@cornell.edu	Female	1.799
339	Florina	Roullier	froullier9e@ox.ac.uk	Female	1.7399
340	Edie	Matthews	ematthews9f@blinklist.com	Female	1.6383
341	Tomas	Santori	tsantori9g@google.nl	Male	1.6336
342	Kippie	Glason	kglason9h@friendfeed.com	Male	1.7397
343	Codi	Loughrey	cloughrey9i@mysql.com	Female	1.5198
344	Artemas	Spatarul	aspatarul9j@bloglines.com	Male	1.7624
345	Esdras	Orchart	eorchart9k@tripadvisor.com	Male	1.7756
346	Morey	Gandley	mgandley9l@booking.com	Male	1.7956
347	Lily	Djokovic	ldjokovic9m@squarespace.com	Female	1.787
348	Aundrea	Dobrovolski	adobrovolski9n@biblegateway.com	Female	1.6433
349	Adam	Byars	abyars9o@biblegateway.com	Male	1.7227
350	Billie	Crews	bcrews9p@icio.us	Female	1.6686
351	Sansone	Swindall	sswindall9q@si.edu	Male	1.657
352	Rhett	Janton	rjanton9r@parallels.com	Male	1.6837
353	Leanna	Dobell	ldobell9s@devhub.com	Female	1.918
354	Baudoin	Pitfield	bpitfield9t@cargocollective.com	Male	1.8757
355	Harrison	Wotherspoon	hwotherspoon9u@weather.com	Male	1.7921
356	Natka	Vinck	nvinck9v@apple.com	Female	1.6885
357	Brooke	Dury	bdury9w@abc.net.au	Female	1.6829
358	Abel	Foch	afoch9x@pcworld.com	Male	1.6989
359	Bil	Langsdon	blangsdon9y@domainmarket.com	Male	1.6273
360	Ches	MacKintosh	cmackintosh9z@biglobe.ne.jp	Male	1.5327
361	Gertrud	Poplee	gpopleea0@sciencedaily.com	Female	1.7629
362	Jasper	Scoles	jscolesa1@sourceforge.net	Male	1.6987
363	Leda	Georg	lgeorga2@soundcloud.com	Female	1.6347
364	Kynthia	Spence	kspencea3@list-manage.com	Female	1.6341
365	Crissie	Deathridge	cdeathridgea4@g.co	Female	1.5711
366	Myrlene	Carless	mcarlessa5@skype.com	Female	1.5391
367	Terrill	Garvey	tgarveya6@forbes.com	Male	1.6063
368	Tait	Thiem	tthiema7@comsenz.com	Male	1.6157
369	Boote	Bernetti	bbernettia8@blogspot.com	Male	1.6909
370	Cyndy	Tarver	ctarvera9@shop-pro.jp	Female	1.7335
371	Bard	Dryden	bdrydenaa@mozilla.com	Male	1.5269
372	Moritz	Blondell	mblondellab@guardian.co.uk	Male	1.7592
373	Derward	Ragge	draggeac@narod.ru	Male	1.5722
374	Aubrey	Chrystie	achrystiead@multiply.com	Male	1.8634
375	Bertha	Dupoy	bdupoyae@ustream.tv	Female	1.529
376	Gabie	Cosans	gcosansaf@last.fm	Female	1.5811
377	Fidel	Dickings	fdickingsag@cafepress.com	Male	1.7095
378	Woody	Lexa	wlexaah@miitbeian.gov.cn	Male	1.6496
379	Ron	Dalliwatr	rdalliwatrai@soundcloud.com	Male	1.712
380	Chicky	Bartaloni	cbartaloniaj@trellian.com	Female	1.6196
381	Eduard	Belchamber	ebelchamberak@craigslist.org	Male	1.7946
382	Barret	Arnall	barnallal@utexas.edu	Male	1.6635
383	Mohandas	Hinzer	mhinzeram@so-net.ne.jp	Male	1.7311
384	Daniella	Allchorn	dallchornan@va.gov	Female	1.7978
385	Aluino	Mitchenson	amitchensonao@simplemachines.org	Male	1.8342
386	Omar	Lightowler	olightowlerap@ehow.com	Male	1.6689
387	Craggy	Martygin	cmartyginaq@engadget.com	Male	1.8106
388	Gerrie	Blethin	gblethinar@independent.co.uk	Female	1.6314
389	Barbette	Chomley	bchomleyas@dion.ne.jp	Female	1.6134
390	Ben	Plak	bplakat@goo.gl	Male	1.6335
391	Mavis	Teodorski	mteodorskiau@tiny.cc	Female	1.5968
392	Amandy	Moan	amoanav@nationalgeographic.com	Female	1.7705
393	Muffin	Fossey	mfosseyaw@pbs.org	Female	1.6682
394	Stanislaus	Heaseman	sheasemanax@unesco.org	Male	1.635
395	Judy	Angood	jangooday@arizona.edu	Female	1.8764
396	Goraud	Grinyov	ggrinyovaz@imgur.com	Male	1.694
397	Estel	Burgiss	eburgissb0@ask.com	Female	1.595
398	Engelbert	Jaumet	ejaumetb1@tripadvisor.com	Male	1.8074
399	Elane	Piatti	epiattib2@weibo.com	Female	1.6069
400	Eliot	Divver	edivverb3@mtv.com	Male	1.6353
401	Elinor	Bindon	ebindonb4@latimes.com	Female	1.6085
402	Gale	Fisbey	gfisbeyb5@eventbrite.com	Female	1.6041
403	Ashlin	Treverton	atrevertonb6@netvibes.com	Male	1.6856
404	Greggory	Bendig	gbendigb7@home.pl	Male	1.6753
405	Carver	Llewellin	cllewellinb8@e-recht24.de	Male	1.7724
406	Garrik	Ruppertz	gruppertzb9@angelfire.com	Male	1.7222
407	Clementius	Dady	cdadyba@ning.com	Male	1.7171
408	Abbot	Bramont	abramontbb@google.ca	Male	1.6791
409	Nata	Hartburn	nhartburnbc@examiner.com	Female	1.7956
410	Thomasina	Swayton	tswaytonbd@homestead.com	Female	1.6646
411	Claiborne	Gallichan	cgallichanbe@gizmodo.com	Male	1.7102
412	Tremain	Lawleff	tlawleffbf@europa.eu	Male	1.6259
413	Candice	Galbraeth	cgalbraethbg@businessweek.com	Female	1.6852
414	Betteanne	Mackiewicz	bmackiewiczbh@umn.edu	Female	1.6556
415	Petrina	Downs	pdownsbi@microsoft.com	Female	1.5411
416	Rachelle	Quigg	rquiggbj@t-online.de	Female	1.6945
417	Haven	Trevain	htrevainbk@ebay.co.uk	Male	1.6194
418	Torrence	Skyrme	tskyrmebl@rakuten.co.jp	Male	1.7586
419	Lanny	Gruszka	lgruszkabm@lycos.com	Male	1.683
420	Nadiya	Sussex	nsussexbn@tripadvisor.com	Female	1.5216
421	Dixie	Pithcock	dpithcockbo@paypal.com	Female	1.8282
422	Hurley	Agg	haggbp@kickstarter.com	Male	1.7061
423	Garfield	Tettley	gtettleybq@geocities.jp	Male	1.6951
424	Roxi	Herrema	rherremabr@opera.com	Female	1.7196
425	Willi	Syfax	wsyfaxbs@moonfruit.com	Male	1.7584
426	Alanah	Filer	afilerbt@reddit.com	Female	1.6419
427	Rhiamon	Terney	rterneybu@mapquest.com	Female	1.7233
428	Basile	Keddie	bkeddiebv@51.la	Male	1.6707
429	Had	Bertholin	hbertholinbw@samsung.com	Male	1.6822
430	Keefe	Hollyman	khollymanbx@altervista.org	Male	1.556
431	Garfield	Fuggles	gfugglesby@diigo.com	Male	1.8149
432	Niki	Bannard	nbannardbz@delicious.com	Female	1.6814
433	Robin	Canter	rcanterc0@vimeo.com	Female	1.6978
434	Horatio	Cope	hcopec1@topsy.com	Male	1.5921
435	Darnell	Inkin	dinkinc2@privacy.gov.au	Male	1.749
436	Lydie	Teague	lteaguec3@facebook.com	Female	1.646
437	Elston	Asple	easplec4@dagondesign.com	Male	1.6448
438	Giselbert	Andryushchenko	gandryushchenkoc5@privacy.gov.au	Male	1.7371
439	Clement	Maddy	cmaddyc6@github.com	Male	1.6295
440	Sabrina	Mollitt	smollittc7@163.com	Female	1.7351
441	Rochell	McGenn	rmcgennc8@godaddy.com	Female	1.7569
442	Cobby	Kent	ckentc9@delicious.com	Male	1.8228
443	Joshua	Martinot	jmartinotca@microsoft.com	Male	1.582
444	Gleda	Matuszinski	gmatuszinskicb@sohu.com	Female	1.7681
445	Janifer	Boddis	jboddiscc@ucoz.com	Female	1.8637
446	Clementius	Huffer	chuffercd@webmd.com	Male	1.6421
447	Lovell	Marns	lmarnsce@bluehost.com	Male	1.7952
448	Maggie	Jex	mjexcf@domainmarket.com	Female	1.5809
449	Steve	Eighteen	seighteencg@marriott.com	Male	1.6962
450	Emlen	Toma	etomach@woothemes.com	Male	1.7521
451	Wernher	Teliga	wteligaci@answers.com	Male	1.5977
452	Kenon	McBride	kmcbridecj@engadget.com	Male	1.6627
453	Susi	Gouinlock	sgouinlockck@yahoo.com	Female	1.6344
454	Kris	Bradly	kbradlycl@wix.com	Female	1.8082
455	Gustavus	Mara	gmaracm@patch.com	Male	1.6085
456	Ferrell	Stable	fstablecn@jiathis.com	Male	1.6312
457	Lukas	Hentzeler	lhentzelerco@mozilla.org	Male	1.5565
458	Augustus	Ledley	aledleycp@bbb.org	Male	1.7496
459	Janeen	Parslow	jparslowcq@technorati.com	Female	1.6916
460	Fania	Dachey	fdacheycr@rambler.ru	Female	1.7583
461	Bryant	Cunde	bcundecs@foxnews.com	Male	1.5478
462	Chickie	Kliement	ckliementct@jiathis.com	Male	1.8662
463	Cointon	Hurch	churchcu@nature.com	Male	1.8191
464	Colleen	Downgate	cdowngatecv@sfgate.com	Female	1.6894
465	Filmore	Coulthard	fcoulthardcw@japanpost.jp	Male	1.6611
466	Rickert	Vasilyevski	rvasilyevskicx@washingtonpost.com	Male	1.5445
467	Hakim	Sagrott	hsagrottcy@sun.com	Male	1.6503
468	Adiana	Wittey	awitteycz@ask.com	Female	1.6378
469	Miranda	Kedie	mkedied0@nifty.com	Female	1.6597
470	Ryann	Asbury	rasburyd1@state.gov	Female	1.7152
471	Jenelle	Iskow	jiskowd2@dailymail.co.uk	Female	1.5707
472	Bryn	Caines	bcainesd3@shop-pro.jp	Female	1.6093
473	Evan	Gorbell	egorbelld4@hc360.com	Male	1.5959
474	Kary	Brimelow	kbrimelowd5@businessinsider.com	Female	1.615
475	Kath	Mantrip	kmantripd6@elpais.com	Female	1.6646
476	Kevon	Gleadhell	kgleadhelld7@privacy.gov.au	Male	1.7163
477	Stillmann	Dusey	sduseyd8@mysql.com	Male	1.7417
478	Normie	Bridywater	nbridywaterd9@unc.edu	Male	1.6182
479	Frederic	Bruhnicke	fbruhnickeda@exblog.jp	Male	1.7456
480	Jules	Rasor	jrasordb@nsw.gov.au	Male	1.7335
481	Jeth	Sargison	jsargisondc@ask.com	Male	1.7729
482	Wyatt	Verheyden	wverheydendd@boston.com	Male	1.6871
483	Dalis	Deegin	ddeeginde@cafepress.com	Male	1.609
484	Burr	Ogger	boggerdf@columbia.edu	Male	1.648
485	Nap	Waplington	nwaplingtondg@lulu.com	Male	1.8411
486	Aldis	Streader	astreaderdh@accuweather.com	Male	1.717
487	Neala	Purdey	npurdeydi@bluehost.com	Female	1.7683
488	Eddie	Rustidge	erustidgedj@webmd.com	Male	1.7566
489	Abbie	Ram	aramdk@cnet.com	Male	1.6804
490	Livia	Northfield	lnorthfielddl@utexas.edu	Female	1.7593
491	Dino	Tootell	dtootelldm@altervista.org	Male	1.7343
492	Rand	Langstrath	rlangstrathdn@macromedia.com	Male	1.6847
493	Iorgo	Knatt	iknattdo@php.net	Male	1.7053
494	Felice	Rubert	frubertdp@imgur.com	Female	1.5997
495	Ringo	Bracher	rbracherdq@squidoo.com	Male	1.7456
496	Trixie	Cheetam	tcheetamdr@yale.edu	Female	1.7776
497	Anica	Scoggin	ascogginds@ted.com	Female	1.5728
498	Sam	Lewcock	slewcockdt@odnoklassniki.ru	Male	1.6246
499	Marice	Falkingham	mfalkinghamdu@people.com.cn	Female	1.6367
500	Sammy	Vaughn	svaughndv@unblog.fr	Male	1.668
501	Baldwin	Bradford	bbradforddw@ucoz.ru	Male	1.7029
502	Vita	McKintosh	vmckintoshdx@yahoo.com	Female	1.809
503	Renato	Moppett	rmoppettdy@meetup.com	Male	1.6801
504	Devina	Welham	dwelhamdz@theatlantic.com	Female	1.807
505	Stacey	Hurler	shurlere0@webs.com	Female	1.6877
506	Flossy	Fryman	ffrymane1@hexun.com	Female	1.805
507	Joshuah	Braybrookes	jbraybrookese2@freewebs.com	Male	1.6912
508	Johann	Gregor	jgregore3@ezinearticles.com	Male	1.6806
509	Bevon	Dukesbury	bdukesburye4@angelfire.com	Male	1.7135
510	Elle	Klimt	eklimte5@state.gov	Female	1.6944
511	Kayne	Bollans	kbollanse6@independent.co.uk	Male	1.8509
512	Sigmund	Mebius	smebiuse7@printfriendly.com	Male	1.7903
513	Trixi	Oleszczak	toleszczake8@hugedomains.com	Female	1.7845
514	Lauretta	Matitiaho	lmatitiahoe9@blinklist.com	Female	1.6016
515	Jose	Dobbie	jdobbieea@list-manage.com	Male	1.8032
516	Abigail	Mulryan	amulryaneb@jalbum.net	Female	1.8429
517	Helli	La Batie	hlabatieec@g.co	Female	1.6904
518	Eve	McMonnies	emcmonniesed@java.com	Female	1.7956
519	Rahel	Kilford	rkilfordee@msn.com	Female	1.5262
520	Hakim	Baldam	hbaldamef@cmu.edu	Male	1.6733
521	Gaspard	Windous	gwindouseg@nymag.com	Male	1.596
522	Stephenie	Ducastel	sducasteleh@cisco.com	Female	1.6752
523	Marsha	Forson	mforsonei@reference.com	Female	1.7426
524	Billie	Pautot	bpautotej@yelp.com	Female	1.7856
525	Findley	Jewks	fjewksek@ibm.com	Male	1.6732
526	Sherye	Straine	sstraineel@google.com.hk	Female	1.608
527	Tasia	Pigney	tpigneyem@biblegateway.com	Female	1.7284
528	Ian	Royl	iroylen@nba.com	Male	1.7565
529	Julian	Bownass	jbownasseo@bbb.org	Male	1.6116
530	Marcos	Mulligan	mmulliganep@myspace.com	Male	1.5829
531	Wilbert	Jiroutka	wjiroutkaeq@usnews.com	Male	1.8734
532	Siouxie	Slayford	sslayforder@ihg.com	Female	1.7466
533	Germayne	Fishbourn	gfishbournes@example.com	Male	1.7785
534	Paige	Woodcock	pwoodcocket@nasa.gov	Female	1.7546
535	Georgetta	Meeke	gmeekeeu@spiegel.de	Female	1.3818
536	Gibb	McCaskill	gmccaskillev@infoseek.co.jp	Male	1.585
537	Adriano	Luthwood	aluthwoodew@edublogs.org	Male	1.8362
538	Wood	Stairmond	wstairmondex@state.gov	Male	1.5898
539	Joey	Brimilcombe	jbrimilcombeey@time.com	Female	1.6231
540	Farris	Bohler	fbohlerez@phoca.cz	Male	1.6107
541	Thia	Sands	tsandsf0@biblegateway.com	Female	1.7351
542	Joice	Offell	joffellf1@stanford.edu	Female	1.6711
543	Fallon	Woodeson	fwoodesonf2@phpbb.com	Female	1.6893
544	Dottie	Maddy	dmaddyf3@barnesandnoble.com	Female	1.8307
545	Gabriello	Tilly	gtillyf4@com.com	Male	1.671
546	Rachelle	Pindell	rpindellf5@dell.com	Female	1.6611
547	Jolie	Kneebone	jkneebonef6@sourceforge.net	Female	1.8254
548	Peyter	Denidge	pdenidgef7@hud.gov	Male	1.59
549	Jo	Dumphreys	jdumphreysf8@icio.us	Male	1.7564
550	Corey	Orford	corfordf9@hibu.com	Female	1.8585
551	Dominic	Mattevi	dmattevifa@imdb.com	Male	1.7496
552	Sari	Kobus	skobusfb@bbb.org	Female	1.7524
553	Mariana	Matushevich	mmatushevichfc@storify.com	Female	1.6562
554	Rolando	Ferrarello	rferrarellofd@discovery.com	Male	1.6535
555	Shanda	Glanville	sglanvillefe@dot.gov	Female	1.7685
556	Arabel	Earl	aearlff@booking.com	Female	1.5378
557	Iseabal	Jonsson	ijonssonfg@toplist.cz	Female	1.8333
558	Alla	Feldmesser	afeldmesserfh@nih.gov	Female	1.6725
559	Skipp	Andries	sandriesfi@businessweek.com	Male	1.6964
560	Dennie	Dreng	ddrengfj@ezinearticles.com	Male	1.7242
561	Emanuele	Talton	etaltonfk@opensource.org	Male	1.6523
562	Cele	Maylott	cmaylottfl@live.com	Female	1.5941
563	Laurie	Ahrend	lahrendfm@fema.gov	Female	1.7649
564	Kandace	Mandre	kmandrefn@godaddy.com	Female	1.7721
565	Miguel	McGarry	mmcgarryfo@blogspot.com	Male	1.5566
566	Jennette	Zorener	jzorenerfp@addtoany.com	Female	1.7996
567	Colline	Sawkin	csawkinfq@goo.gl	Female	1.7738
568	Halli	Ferrar	hferrarfr@hp.com	Female	1.7733
569	Fanchette	Baxstare	fbaxstarefs@csmonitor.com	Female	1.6805
570	Sonnnie	Johanchon	sjohanchonft@cdc.gov	Female	1.7392
571	Melamie	Alsina	malsinafu@squidoo.com	Female	1.7671
572	Hart	Heskey	hheskeyfv@smh.com.au	Male	1.6154
573	Kathrine	Lorenzo	klorenzofw@pagesperso-orange.fr	Female	1.7278
574	Kath	Gallier	kgallierfx@cargocollective.com	Female	1.591
575	Eddie	Purves	epurvesfy@nifty.com	Male	1.4873
576	Benn	Kropach	bkropachfz@surveymonkey.com	Male	1.5503
577	Jessey	Folcarelli	jfolcarellig0@va.gov	Male	1.6702
578	Enoch	Vassie	evassieg1@wufoo.com	Male	1.5722
579	Joellen	Butte	jbutteg2@dailymotion.com	Female	1.7544
580	Ceil	Thorburn	cthorburng3@webeden.co.uk	Female	1.625
581	Palm	Impett	pimpettg4@histats.com	Male	1.8368
582	Wilburt	Cannon	wcannong5@icio.us	Male	1.8597
583	Ellynn	Andreopolos	eandreopolosg6@icq.com	Female	1.7162
584	Ruttger	Mather	rmatherg7@adobe.com	Male	1.859
585	Taite	Goodbur	tgoodburg8@51.la	Male	1.7627
586	Norbie	Bardell	nbardellg9@fda.gov	Male	1.7247
587	Burtie	Piggrem	bpiggremga@usnews.com	Male	1.5078
588	Sisile	Gile	sgilegb@pagesperso-orange.fr	Female	1.6622
589	Arvie	Bergen	abergengc@technorati.com	Male	1.5783
590	Sharleen	Ledgister	sledgistergd@miibeian.gov.cn	Female	1.7132
591	Shanna	Iveagh	siveaghge@goodreads.com	Female	1.6176
592	Cheston	Pleaden	cpleadengf@whitehouse.gov	Male	1.7623
593	Rafaela	Grishunin	rgrishuningg@seesaa.net	Female	1.6492
594	Saundra	Doole	sdoolegh@e-recht24.de	Female	1.7045
595	Claybourne	Dacks	cdacksgi@wikia.com	Male	1.6016
596	Kym	Breslau	kbreslaugj@google.co.uk	Female	1.7862
597	Gabie	Docherty	gdochertygk@google.nl	Male	1.5821
598	Hart	Davoren	hdavorengl@soundcloud.com	Male	1.7343
599	Jacquetta	Zohrer	jzohrergm@t.co	Female	1.7806
600	Donn	Tindle	dtindlegn@alexa.com	Male	1.6943
601	Nollie	Bowden	nbowdengo@feedburner.com	Female	1.6518
602	Web	Revans	wrevansgp@psu.edu	Male	1.7708
603	Giulia	Ansteys	gansteysgq@hud.gov	Female	1.6654
604	Freddie	Saxelby	fsaxelbygr@fotki.com	Male	1.6937
605	Moira	O'Deoran	modeorangs@elpais.com	Female	1.6977
606	Jamie	Dignum	jdignumgt@buzzfeed.com	Male	1.6244
607	Stuart	Southall	ssouthallgu@foxnews.com	Male	1.6618
608	Tanney	Le Fevre	tlefevregv@wordpress.org	Male	1.7723
609	Tisha	Watkiss	twatkissgw@cyberchimps.com	Female	1.5767
610	Richie	Mardle	rmardlegx@skype.com	Male	1.6787
611	Leonie	Pattington	lpattingtongy@utexas.edu	Female	1.7262
612	Curtis	Pahler	cpahlergz@nhs.uk	Male	1.742
613	Donetta	Bamlett	dbamletth0@wisc.edu	Female	1.781
614	Virgil	Varvara	vvarvarah1@fastcompany.com	Male	1.7621
615	Udall	Casbolt	ucasbolth2@yellowbook.com	Male	1.7289
616	Doti	Fahy	dfahyh3@live.com	Female	1.8165
617	Karney	Degoey	kdegoeyh4@themeforest.net	Male	1.5635
618	Susann	Smetoun	ssmetounh5@bloomberg.com	Female	1.6732
619	Tomasina	Milvarnie	tmilvarnieh6@examiner.com	Female	1.496
620	Marten	Chasmer	mchasmerh7@google.cn	Male	1.7499
621	Gare	Addyman	gaddymanh8@icq.com	Male	1.8649
622	Tam	Rowcliffe	trowcliffeh9@cam.ac.uk	Male	1.7581
623	Belva	Baud	bbaudha@webs.com	Female	1.8619
624	Idalia	Reglar	ireglarhb@shutterfly.com	Female	1.6382
625	Cesya	Few	cfewhc@accuweather.com	Female	1.8291
626	Riane	Pasticznyk	rpasticznykhd@go.com	Female	1.6954
627	Sibley	Waterhous	swaterhoushe@usgs.gov	Female	1.6724
628	Ursola	Smalcombe	usmalcombehf@webs.com	Female	1.7753
629	Elinor	Youd	eyoudhg@hubpages.com	Female	1.8125
630	Honoria	Forcer	hforcerhh@cbsnews.com	Female	1.7031
631	Bank	Andreassen	bandreassenhi@bbb.org	Male	1.7503
632	Lucita	Davidy	ldavidyhj@auda.org.au	Female	1.7152
633	Cahra	Cantua	ccantuahk@geocities.jp	Female	1.775
634	Ramsay	McGorley	rmcgorleyhl@auda.org.au	Male	1.5865
635	Elnar	Gheorghescu	egheorghescuhm@cbc.ca	Male	1.7198
636	Neila	Overstreet	noverstreethn@nytimes.com	Female	1.5605
637	Yvor	Bedbrough	ybedbroughho@yellowpages.com	Male	1.7229
638	Arda	Kilkenny	akilkennyhp@msu.edu	Female	1.7702
639	Lutero	Knapton	lknaptonhq@microsoft.com	Male	1.6003
640	Waly	Wardhaugh	wwardhaughhr@oakley.com	Female	1.8824
641	Ludwig	Axcel	laxcelhs@1und1.de	Male	1.8004
642	Tan	Sargison	tsargisonht@usgs.gov	Male	1.7764
643	Ernestus	Rylance	erylancehu@ifeng.com	Male	1.7212
644	Abigael	Oxlade	aoxladehv@aboutads.info	Female	1.6526
645	Jarrid	Warlock	jwarlockhw@webmd.com	Male	1.7715
646	Seth	Blenkinship	sblenkinshiphx@people.com.cn	Male	1.6772
647	Maxie	Caldes	mcaldeshy@msn.com	Male	1.7465
648	Pandora	Rodman	prodmanhz@smh.com.au	Female	1.8243
649	Perkin	Selwyne	pselwynei0@reuters.com	Male	1.6782
650	Ermentrude	Soutter	esoutteri1@freewebs.com	Female	1.7908
651	Dannie	Farnaby	dfarnabyi2@goodreads.com	Female	1.7076
652	Kearney	Scott	kscotti3@networksolutions.com	Male	1.875
653	Morris	Sheryn	msheryni4@gov.uk	Male	1.7215
654	Lennard	Lasty	llastyi5@dell.com	Male	1.4771
655	Willem	Piotr	wpiotri6@theguardian.com	Male	1.5465
656	Melvin	Klausen	mklauseni7@yellowbook.com	Male	1.5502
657	Josi	Attwoull	jattwoulli8@deviantart.com	Female	1.7356
658	Renato	Bernat	rbernati9@bigcartel.com	Male	1.701
659	Aloise	Kleiner	akleineria@mayoclinic.com	Female	1.6463
660	Selestina	Yeoman	syeomanib@mozilla.com	Female	1.6706
661	Mar	Hawkswood	mhawkswoodic@phpbb.com	Male	1.6024
662	Adriena	Rudsdale	arudsdaleid@ihg.com	Female	1.7715
663	Reinaldos	Prahm	rprahmie@goo.gl	Male	1.6561
664	Budd	Keating	bkeatingif@zdnet.com	Male	1.7931
665	Babita	Jales	bjalesig@upenn.edu	Female	1.7779
666	Logan	Hauxley	lhauxleyih@paypal.com	Male	1.663
667	Karin	Scorton	kscortonii@xing.com	Female	1.5391
668	Pepita	Longmead	plongmeadij@dyndns.org	Female	1.8801
669	Jourdain	Newens	jnewensik@globo.com	Male	1.8551
670	Marya	Paice	mpaiceil@hc360.com	Female	1.6209
671	Karoly	Bamsey	kbamseyim@cocolog-nifty.com	Male	1.7348
672	Torry	Puleston	tpulestonin@mail.ru	Male	1.5385
673	Emmalee	Deavin	edeavinio@twitpic.com	Female	1.5849
674	Davidde	Landa	dlandaip@archive.org	Male	1.6351
675	Bartholemy	Beynkn	bbeynkniq@netscape.com	Male	1.6449
676	Lizette	Woolfall	lwoolfallir@phoca.cz	Female	1.7527
677	Loren	Cosson	lcossonis@odnoklassniki.ru	Male	1.7047
678	Josselyn	Mapplethorpe	jmapplethorpeit@globo.com	Female	1.7374
679	Shelden	Fraser	sfraseriu@pen.io	Male	1.6139
680	Arlie	Bousler	abousleriv@yahoo.com	Female	1.698
681	Donaugh	Speir	dspeiriw@miibeian.gov.cn	Male	1.6743
682	Muriel	Pammenter	mpammenterix@google.com.br	Female	1.7035
683	Goraud	Oxterby	goxterbyiy@noaa.gov	Male	1.6116
684	Duncan	Lafay	dlafayiz@list-manage.com	Male	1.6815
685	Margaretta	Corradini	mcorradinij0@surveymonkey.com	Female	1.7067
686	Mirabella	Moreland	mmorelandj1@privacy.gov.au	Female	1.7357
687	Marion	Hartrick	mhartrickj2@wisc.edu	Female	1.7111
688	Geralda	O'Bradain	gobradainj3@senate.gov	Female	1.6506
689	Michell	Nerheny	mnerhenyj4@craigslist.org	Female	1.7633
690	Adamo	Gomer	agomerj5@webmd.com	Male	1.6863
691	Jessey	Wimlet	jwimletj6@imdb.com	Male	1.6943
692	Linnet	Dykes	ldykesj7@xinhuanet.com	Female	1.6132
693	Hazel	Bridgwood	hbridgwoodj8@jimdo.com	Male	1.7593
694	Darby	Maplethorpe	dmaplethorpej9@imageshack.us	Female	1.7587
695	Nancy	Mogg	nmoggja@ning.com	Female	1.8409
696	Gordan	Biggin	gbigginjb@latimes.com	Male	1.7833
697	Jaye	Fretter	jfretterjc@ehow.com	Male	1.6536
698	Natalina	Spilisy	nspilisyjd@instagram.com	Female	1.855
699	Bruno	Abeau	babeauje@scientificamerican.com	Male	1.6372
700	Aleece	Lomasna	alomasnajf@topsy.com	Female	1.5919
701	Dom	Trimbey	dtrimbeyjg@tumblr.com	Male	1.5679
702	Demetri	Frayn	dfraynjh@slate.com	Male	1.7644
703	Onfroi	Bidwell	obidwellji@wsj.com	Male	1.8164
704	Lucinda	Shears	lshearsjj@npr.org	Female	1.6855
705	Didi	Westby	dwestbyjk@usgs.gov	Female	1.744
706	Reynold	Cranmore	rcranmorejl@stanford.edu	Male	1.6112
707	Nicolais	Ebanks	nebanksjm@yale.edu	Male	1.6061
708	Lilly	Stollberg	lstollbergjn@de.vu	Female	1.5595
709	Cristabel	Gresley	cgresleyjo@ca.gov	Female	1.6941
710	Aldous	Ianizzi	aianizzijp@youku.com	Male	1.6414
711	Nadiya	Cassy	ncassyjq@google.pl	Female	1.6775
712	Leonanie	Bradtke	lbradtkejr@is.gd	Female	1.6707
713	Rina	Collar	rcollarjs@epa.gov	Female	1.7494
714	Nahum	Kyndred	nkyndredjt@issuu.com	Male	1.5701
715	Benedikt	Freeman	bfreemanju@booking.com	Male	1.7278
716	Rogers	Slyman	rslymanjv@blog.com	Male	1.8056
717	Fanya	Bartleet	fbartleetjw@rakuten.co.jp	Female	1.802
718	Damara	Hawkin	dhawkinjx@merriam-webster.com	Female	1.7779
719	Shalne	Farrance	sfarrancejy@meetup.com	Female	1.7008
720	Tatum	Balham	tbalhamjz@dot.gov	Female	1.5941
721	Ethe	Gingell	egingellk0@blogtalkradio.com	Male	1.7448
722	Corliss	Camosso	ccamossok1@ucla.edu	Female	1.7131
723	Noelle	Ganforth	nganforthk2@indiegogo.com	Female	1.7788
724	Wat	Voysey	wvoyseyk3@nationalgeographic.com	Male	1.761
725	Hedvige	Sterke	hsterkek4@rediff.com	Female	1.7169
726	Katharine	Sertin	ksertink5@wordpress.com	Female	1.7807
727	Kath	Braisted	kbraistedk6@theglobeandmail.com	Female	1.7268
728	Early	Lettsom	elettsomk7@unc.edu	Male	1.5989
729	Ambros	Groucock	agroucockk8@altervista.org	Male	1.6854
730	Susy	Attenbrow	sattenbrowk9@oaic.gov.au	Female	1.6747
731	Darren	Pottle	dpottleka@google.cn	Male	1.7513
732	Tish	Sanchez	tsanchezkb@biglobe.ne.jp	Female	1.7535
733	Toiboid	Bardill	tbardillkc@prweb.com	Male	1.5732
734	Dolorita	Ivamy	divamykd@jalbum.net	Female	1.6378
735	Vivian	Longland	vlonglandke@ca.gov	Female	1.5401
736	Welby	Cockaday	wcockadaykf@acquirethisname.com	Male	1.8406
737	Vinni	Limon	vlimonkg@opensource.org	Female	1.7502
738	Werner	Albon	walbonkh@epa.gov	Male	1.7407
739	Tod	Clemot	tclemotki@google.de	Male	1.7171
740	Jsandye	Wield	jwieldkj@spotify.com	Female	1.6867
741	Ermin	Siaspinski	esiaspinskikk@upenn.edu	Male	1.7837
742	Meier	Westmerland	mwestmerlandkl@meetup.com	Male	1.6574
743	Broderic	Kirkbride	bkirkbridekm@ezinearticles.com	Male	1.5721
744	Isa	Schust	ischustkn@kickstarter.com	Female	1.8119
745	Stirling	Soigne	ssoigneko@xrea.com	Male	1.6089
746	Tracie	Featenby	tfeatenbykp@51.la	Male	1.7626
747	Web	Cherrington	wcherringtonkq@mapy.cz	Male	1.8307
748	Wrennie	Bridgeland	wbridgelandkr@senate.gov	Female	1.5935
749	Bev	Pontain	bpontainks@google.ca	Male	1.6342
750	Jerrilyn	Garrud	jgarrudkt@surveymonkey.com	Female	1.4554
751	Timothea	Hadleigh	thadleighku@istockphoto.com	Female	1.8039
752	Marlowe	Bote	mbotekv@sina.com.cn	Male	1.5972
753	Tadd	Buy	tbuykw@howstuffworks.com	Male	1.5747
754	Morna	Nesbeth	mnesbethkx@tumblr.com	Female	1.6395
755	Cele	Cardon	ccardonky@google.ru	Female	1.7555
756	Brooks	Webb-Bowen	bwebbbowenkz@histats.com	Female	1.7209
757	Dalston	Keston	dkestonl0@is.gd	Male	1.7308
758	Hollis	Sargant	hsargantl1@skyrock.com	Male	1.5752
759	Myrwyn	Lownie	mlowniel2@hexun.com	Male	1.6747
760	Leanora	Champain	lchampainl3@sun.com	Female	1.7448
761	Margalo	Goundsy	mgoundsyl4@yale.edu	Female	1.5301
762	Dennis	Ibotson	dibotsonl5@army.mil	Male	1.749
763	Doroteya	Morrieson	dmorriesonl6@homestead.com	Female	1.7754
764	Nerte	Quinby	nquinbyl7@spotify.com	Female	1.7077
765	Kayle	Monget	kmongetl8@paginegialle.it	Female	1.7709
766	Kalle	Ebi	kebil9@cbslocal.com	Male	1.7741
767	Iver	Maciocia	imaciociala@spotify.com	Male	1.5837
768	Vernon	Archbold	varchboldlb@163.com	Male	1.7325
769	Iormina	Mauro	imaurolc@youku.com	Female	1.7107
770	Dominica	Semon	dsemonld@guardian.co.uk	Female	1.6366
771	Levy	Willsmore	lwillsmorele@oracle.com	Male	1.7068
772	Antons	Weddell	aweddelllf@msu.edu	Male	1.7215
773	Malynda	Shills	mshillslg@washington.edu	Female	1.6937
774	Lenard	Millsom	lmillsomlh@rambler.ru	Male	1.8038
775	Miran	Fancett	mfancettli@issuu.com	Female	1.5651
776	Levon	Boyat	lboyatlj@drupal.org	Male	1.7738
777	Yard	Dudlestone	ydudlestonelk@wunderground.com	Male	1.7215
778	Gretchen	Jealous	gjealousll@wikipedia.org	Female	1.8601
779	Demeter	Nassy	dnassylm@guardian.co.uk	Female	1.703
780	Scot	McNalley	smcnalleyln@smh.com.au	Male	1.7598
781	Malina	Peto	mpetolo@scientificamerican.com	Female	1.5425
782	Dillon	Wilmut	dwilmutlp@sogou.com	Male	1.8315
783	Alick	Killock	akillocklq@furl.net	Male	1.8262
784	Genevieve	Cregeen	gcregeenlr@mapquest.com	Female	1.6874
785	Hermann	Boltwood	hboltwoodls@so-net.ne.jp	Male	1.7147
786	Frederick	Beeson	fbeesonlt@opera.com	Male	1.6991
787	Elissa	Hannis	ehannislu@xrea.com	Female	1.9046
788	Dav	Dowtry	ddowtrylv@homestead.com	Male	1.7603
789	Dominik	Beany	dbeanylw@tmall.com	Male	1.5031
790	Lindsey	MacCardle	lmaccardlelx@imdb.com	Male	1.6578
791	Griffith	Roloff	groloffly@noaa.gov	Male	1.8255
792	Martie	Wanklyn	mwanklynlz@ameblo.jp	Male	1.6057
793	Gwenneth	Deverale	gdeveralem0@i2i.jp	Female	1.8489
794	Iggy	Logue	iloguem1@mayoclinic.com	Male	1.5622
795	Roosevelt	Clemmett	rclemmettm2@bloglines.com	Male	1.6239
796	Amil	Ody	aodym3@google.de	Female	1.879
797	Kennie	Boatwright	kboatwrightm4@blogs.com	Male	1.662
798	Roth	Ackenhead	rackenheadm5@php.net	Male	1.5368
799	Kendre	Naisbet	knaisbetm6@squarespace.com	Female	1.7489
800	Jordan	Esterbrook	jesterbrookm7@bravesites.com	Male	1.691
801	Ximenez	Windebank	xwindebankm8@forbes.com	Male	1.6122
802	Marylin	Hurnell	mhurnellm9@illinois.edu	Female	1.7167
803	Nealy	Flanigan	nflaniganma@hugedomains.com	Male	1.5624
804	Constantino	Cromar	ccromarmb@sciencedirect.com	Male	1.6946
805	Cinderella	Dummigan	cdummiganmc@smugmug.com	Female	1.6955
806	Porter	Minister	pministermd@liveinternet.ru	Male	1.7266
807	Geoffry	Egalton	gegaltonme@answers.com	Male	1.8073
808	Barb	Gaddas	bgaddasmf@trellian.com	Female	1.8296
809	Arney	Sheron	asheronmg@unc.edu	Male	1.6833
810	Seumas	Verbruggen	sverbruggenmh@wikia.com	Male	1.7944
811	Lyda	Rambadt	lrambadtmi@simplemachines.org	Female	1.832
812	Mil	Adao	madaomj@squidoo.com	Female	1.7318
813	Tony	Clavering	tclaveringmk@skype.com	Female	1.7808
814	Gerard	Sarfat	gsarfatml@harvard.edu	Male	1.6739
815	Beverly	Niesel	bnieselmm@reference.com	Female	1.841
816	Pincas	Duprey	pdupreymn@desdev.cn	Male	1.7821
817	Court	Coupe	ccoupemo@diigo.com	Male	1.7275
818	Francene	Jacklings	fjacklingsmp@sfgate.com	Female	1.4304
819	Elvyn	Denholm	edenholmmq@thetimes.co.uk	Male	1.64
820	Mylo	Bracey	mbraceymr@flavors.me	Male	1.7953
821	Whitman	Legion	wlegionms@blogtalkradio.com	Male	1.7452
822	Connie	Freeborne	cfreebornemt@odnoklassniki.ru	Female	1.7812
823	Hunt	Widdecombe	hwiddecombemu@army.mil	Male	1.8139
824	Consolata	Gargett	cgargettmv@nih.gov	Female	1.6969
825	Nellie	Pennicard	npennicardmw@scribd.com	Female	1.5888
826	Lainey	Fielding	lfieldingmx@godaddy.com	Female	1.67
827	Anastasia	Paschke	apaschkemy@umn.edu	Female	1.7177
828	Neddy	Salle	nsallemz@paypal.com	Male	1.7472
829	Wilmette	Skerme	wskermen0@hexun.com	Female	1.8563
830	Godfree	Guilford	gguilfordn1@woothemes.com	Male	1.7574
831	Reyna	Gonzales	rgonzalesn2@microsoft.com	Female	1.5363
832	Eleanora	Balog	ebalogn3@adobe.com	Female	1.801
833	Cal	Buckleigh	cbuckleighn4@nymag.com	Female	1.7036
834	Ermin	Dunphie	edunphien5@vkontakte.ru	Male	1.6286
835	Bettye	Kupka	bkupkan6@auda.org.au	Female	1.7651
836	Seth	Salmen	ssalmenn7@google.pl	Male	1.5868
837	Rena	Tubbs	rtubbsn8@unicef.org	Female	1.769
838	Ken	Crosson	kcrossonn9@msu.edu	Male	1.833
839	Cindy	Steptowe	csteptowena@bizjournals.com	Female	1.6403
840	Marcela	Jacobsson	mjacobssonnb@linkedin.com	Female	1.7364
841	Janeczka	Leonardi	jleonardinc@deviantart.com	Female	1.7337
842	Nelly	Juster	njusternd@wp.com	Female	1.6634
843	Gerard	Checo	gchecone@newyorker.com	Male	1.499
844	Janna	Barrott	jbarrottnf@google.com.hk	Female	1.5822
845	Helga	Rocks	hrocksng@ask.com	Female	1.749
846	Arleta	Darwin	adarwinnh@elegantthemes.com	Female	1.717
847	Albert	Slessor	aslessorni@google.ru	Male	1.5051
848	Zaria	Eastbury	zeastburynj@oracle.com	Female	1.6676
849	Minerva	Girone	mgironenk@boston.com	Female	1.7268
850	Mathilda	MacTerlagh	mmacterlaghnl@canalblog.com	Female	1.7383
851	Tadd	Fayter	tfayternm@senate.gov	Male	1.8386
852	Trudey	Kays	tkaysnn@newyorker.com	Female	1.8569
853	Lauri	Cupper	lcupperno@google.com	Female	1.8754
854	Hallsy	Bench	hbenchnp@kickstarter.com	Male	1.6589
855	Megen	Bray	mbraynq@wikia.com	Female	1.712
856	Alaric	Stubbins	astubbinsnr@myspace.com	Male	1.627
857	Tobye	Blasi	tblasins@narod.ru	Female	1.7204
858	Clemmie	Garman	cgarmannt@wikispaces.com	Male	1.7154
859	Sebastien	Goldstone	sgoldstonenu@about.com	Male	1.5592
860	Corilla	Shout	cshoutnv@time.com	Female	1.6959
861	Isa	Ackwood	iackwoodnw@tripadvisor.com	Male	1.7705
862	Dori	Allday	dalldaynx@goo.gl	Female	1.6352
863	Madelle	Solesbury	msolesburyny@joomla.org	Female	1.6956
864	Ailee	Webb	awebbnz@people.com.cn	Female	1.7637
865	Dawna	Loffel	dloffelo0@tumblr.com	Female	1.7837
866	Dulcy	Baugham	dbaughamo1@ucsd.edu	Female	1.583
867	Lem	Dominiak	ldominiako2@seattletimes.com	Male	1.6209
868	Abbe	Mitchely	amitchelyo3@msn.com	Female	1.7452
869	Sherlocke	Hover	shovero4@salon.com	Male	1.8459
870	Nikita	Antunes	nantuneso5@intel.com	Male	1.7632
871	Keely	Macknish	kmacknisho6@eepurl.com	Female	1.7921
872	Zebulon	Hylands	zhylandso7@acquirethisname.com	Male	1.7294
873	Rebecca	McCafferky	rmccafferkyo8@pinterest.com	Female	1.6229
874	Bea	Parade	bparadeo9@studiopress.com	Female	1.7421
875	Weidar	Bentje	wbentjeoa@tripadvisor.com	Male	1.6478
876	Cassaundra	Jouannin	cjouanninob@boston.com	Female	1.6501
877	Elysha	Sapson	esapsonoc@hubpages.com	Female	1.729
878	Hill	De Santos	hdesantosod@apache.org	Male	1.6437
879	Mervin	Kobsch	mkobschoe@taobao.com	Male	1.6237
880	Melody	Levens	mlevensof@about.me	Female	1.7583
881	Heinrick	Emes	hemesog@domainmarket.com	Male	1.7698
882	Neille	Worden	nwordenoh@taobao.com	Female	1.6162
883	Orrin	Tullot	otullotoi@odnoklassniki.ru	Male	1.7866
884	Averill	Hallewell	ahallewelloj@tiny.cc	Male	1.7819
885	Rolf	Carwithim	rcarwithimok@hugedomains.com	Male	1.8739
886	Derrick	Eberz	deberzol@opera.com	Male	1.7385
887	Antonino	Hathorn	ahathornom@google.cn	Male	1.6355
888	Lynn	Grattan	lgrattanon@yandex.ru	Female	1.8627
889	Anastasie	Hyslop	ahyslopoo@facebook.com	Female	1.7993
890	Aylmar	Lennarde	alennardeop@gmpg.org	Male	1.5959
891	Marc	Boram	mboramoq@hud.gov	Male	1.6762
892	Sephira	Goodhand	sgoodhandor@bandcamp.com	Female	1.6693
893	Giulietta	Francillo	gfrancilloos@dagondesign.com	Female	1.8107
894	Angil	MacKeller	amackellerot@hostgator.com	Female	1.806
895	Martin	Gribben	mgribbenou@blogtalkradio.com	Male	1.5087
896	Pierson	Gibke	pgibkeov@mashable.com	Male	1.5722
897	Cristal	Ringer	cringerow@toplist.cz	Female	1.7604
898	Laurella	Rearden	lreardenox@ed.gov	Female	1.581
899	Harcourt	Broseke	hbrosekeoy@sohu.com	Male	1.7496
900	Brendis	Wilshin	bwilshinoz@cnbc.com	Male	1.7508
901	Lucas	Saville	lsavillep0@artisteer.com	Male	1.7294
902	Melodie	Rahl	mrahlp1@msu.edu	Female	1.712
903	Evey	Girdwood	egirdwoodp2@cnbc.com	Female	1.4934
904	Roland	Dent	rdentp3@nih.gov	Male	1.7813
905	Sandro	Landon	slandonp4@wikimedia.org	Male	1.8121
906	Orrin	Bernucci	obernuccip5@uiuc.edu	Male	1.6579
907	Madelina	Rofe	mrofep6@booking.com	Female	1.6892
908	Berk	Yarker	byarkerp7@squarespace.com	Male	1.5929
909	Sherm	Roselli	srosellip8@economist.com	Male	1.7898
910	Roch	Leece	rleecep9@mtv.com	Female	1.7615
911	Charlot	Montes	cmontespa@surveymonkey.com	Female	1.7148
912	Stevana	Gatheridge	sgatheridgepb@ycombinator.com	Female	1.7523
913	Derk	Enga	dengapc@kickstarter.com	Male	1.7683
914	Clifford	Kemitt	ckemittpd@nationalgeographic.com	Male	1.5827
915	Cristie	Southerton	csouthertonpe@creativecommons.org	Female	1.6897
916	Lambert	Bampfield	lbampfieldpf@ted.com	Male	1.7051
917	Miriam	Redmond	mredmondpg@moonfruit.com	Female	1.7001
918	Francklin	Shord	fshordph@independent.co.uk	Male	1.7538
919	Pate	Orrett	porrettpi@people.com.cn	Male	1.7513
920	Jobi	Adiscot	jadiscotpj@google.nl	Female	1.7292
921	Rodger	Scardifeild	rscardifeildpk@aboutads.info	Male	1.7997
922	Dev	Ladon	dladonpl@blogs.com	Male	1.7785
923	Daryle	Dahlgren	ddahlgrenpm@goodreads.com	Male	1.8389
924	Astrid	Aspall	aaspallpn@google.co.uk	Female	1.7762
925	Shanie	Gronw	sgronwpo@e-recht24.de	Female	1.7645
926	Frankie	Caughtry	fcaughtrypp@admin.ch	Female	1.7339
927	Wylma	Sandeman	wsandemanpq@clickbank.net	Female	1.7204
928	Willdon	Canto	wcantopr@biblegateway.com	Male	1.7161
929	Debbi	Roelofsen	droelofsenps@cam.ac.uk	Female	1.6769
930	Tadd	Beldan	tbeldanpt@printfriendly.com	Male	1.7083
931	Reina	Baroche	rbarochepu@google.ru	Female	1.6684
932	Sheila-kathryn	Poppy	spoppypv@google.es	Female	1.6105
933	Jany	Pitceathly	jpitceathlypw@google.it	Female	1.8305
934	Shayne	Vankeev	svankeevpx@paginegialle.it	Male	1.6392
935	Wilt	Pendlebury	wpendleburypy@cpanel.net	Male	1.7062
936	Dion	Adrain	dadrainpz@independent.co.uk	Female	1.7417
937	Berk	Farmiloe	bfarmiloeq0@blogs.com	Male	1.7148
938	Dana	Dinis	ddinisq1@usa.gov	Male	1.7699
939	Adoree	Waumsley	awaumsleyq2@1688.com	Female	1.6682
940	Ginni	Greest	ggreestq3@squarespace.com	Female	1.6522
941	Celina	Lindley	clindleyq4@salon.com	Female	1.5048
942	Bink	Tschirasche	btschirascheq5@ning.com	Male	1.6148
943	Victor	Campion	vcampionq6@zdnet.com	Male	1.7911
944	Herc	Nisot	hnisotq7@chronoengine.com	Male	1.8767
945	Aldwin	Beeken	abeekenq8@arizona.edu	Male	1.748
946	Kandace	Kinghorne	kkinghorneq9@ucoz.ru	Female	1.7095
947	Udale	Thorrington	uthorringtonqa@smh.com.au	Male	1.6473
948	Georgiana	Arderne	garderneqb@microsoft.com	Female	1.7955
949	Rubie	Lob	rlobqc@fda.gov	Female	1.7155
950	Alyssa	Greeve	agreeveqd@ihg.com	Female	1.586
951	Stanford	Furlow	sfurlowqe@paginegialle.it	Male	1.779
952	Almira	Cough	acoughqf@tinypic.com	Female	1.6809
953	Corrianne	Georgius	cgeorgiusqg@issuu.com	Female	1.7292
954	Joe	Brigden	jbrigdenqh@oracle.com	Male	1.7606
955	Johnette	Correa	jcorreaqi@ezinearticles.com	Female	1.7363
956	Allianora	Quirk	aquirkqj@ocn.ne.jp	Female	1.7344
957	Decca	Giamitti	dgiamittiqk@bloglines.com	Male	1.6423
958	Mia	Blues	mbluesql@google.com.au	Female	1.6849
959	Phaidra	Jentle	pjentleqm@umn.edu	Female	1.6138
960	Costa	Boyat	cboyatqn@dailymail.co.uk	Male	1.7675
961	Fidela	Wilsey	fwilseyqo@google.com.au	Female	1.4077
962	Agata	Schwandermann	aschwandermannqp@flickr.com	Female	1.9241
963	Ulla	Balm	ubalmqq@fastcompany.com	Female	1.6997
964	Lucy	Benardet	lbenardetqr@paginegialle.it	Female	1.7228
965	Jennie	Rapelli	jrapelliqs@lulu.com	Female	1.8956
966	Cirstoforo	Dunk	cdunkqt@dion.ne.jp	Male	1.7643
967	Orel	Brunesco	obrunescoqu@oakley.com	Female	1.5387
968	Fredric	Fairbrace	ffairbraceqv@nymag.com	Male	1.6118
969	Carissa	MacDonagh	cmacdonaghqw@theglobeandmail.com	Female	1.673
970	Smitty	Boissier	sboissierqx@economist.com	Male	1.7737
971	Gwendolen	Keasey	gkeaseyqy@bandcamp.com	Female	1.5943
972	Jonah	Wandrack	jwandrackqz@opera.com	Male	1.5751
973	Sephira	Postan	spostanr0@printfriendly.com	Female	1.7818
974	Torie	Leith-Harvey	tleithharveyr1@ucla.edu	Female	1.6079
975	Kory	Freckleton	kfreckletonr2@nba.com	Male	1.8086
976	Shelli	McFaul	smcfaulr3@symantec.com	Female	1.512
977	Humphrey	Ferguson	hfergusonr4@omniture.com	Male	1.6996
978	Dian	Windridge	dwindridger5@cnn.com	Female	1.7315
979	Davidson	Quinby	dquinbyr6@liveinternet.ru	Male	1.6892
980	Chris	Kornilov	ckornilovr7@google.com.hk	Female	1.7808
981	Xenia	Prujean	xprujeanr8@skyrock.com	Female	1.7933
982	Violante	Dabbes	vdabbesr9@blinklist.com	Female	1.6451
983	Gerhard	Trengrouse	gtrengrousera@ucla.edu	Male	1.7291
984	Demetri	Sibson	dsibsonrb@xrea.com	Male	1.7791
985	Griffie	Guilliatt	gguilliattrc@wiley.com	Male	1.775
986	Virgilio	Hayen	vhayenrd@google.it	Male	1.7462
987	Jori	Beardshall	jbeardshallre@miibeian.gov.cn	Female	1.818
988	Ward	Shedden	wsheddenrf@google.co.uk	Male	1.803
989	Keefer	Pfleger	kpflegerrg@dion.ne.jp	Male	1.8718
990	Lorne	Smieton	lsmietonrh@github.com	Male	1.5854
991	Whit	Scourfield	wscourfieldri@paypal.com	Male	1.6746
992	Arie	Travis	atravisrj@webeden.co.uk	Male	1.7687
993	Garret	Nangle	gnanglerk@amazon.de	Male	1.8589
994	Mabelle	Slym	mslymrl@vimeo.com	Female	1.6094
995	Clio	Blaxall	cblaxallrm@posterous.com	Female	1.6397
996	Emlyn	Stockings	estockingsrn@macromedia.com	Male	1.6472
997	Jamie	Clemits	jclemitsro@thetimes.co.uk	Male	1.7
998	Madalyn	Gasticke	mgastickerp@amazon.com	Female	1.6747
999	Babara	Belson	bbelsonrq@cocolog-nifty.com	Female	1.707
1000	Raviv	Bailles	rbaillesrr@behance.net	Male	1.7155
